{"cameraMode":{"drawMode":0,"name":"Shaded","section":"Shading Mode"},"sceneLighting":false,"audioPlay":false,"sceneViewState":{"showFog":true,"showMaterialUpdate":true,"showSkybox":false,"showFlares":true,"showImageEffects":true,"showParticleSystems":true},"in2DMode":false,"pivot":{"x":-7.358200550079346,"y":1.4264752864837647,"z":8.952547073364258},"rotation":{"x":-0.6938186287879944,"y":-0.0064089335501194,"z":0.006179474759846926,"w":-0.7201041579246521},"size":10.042860984802246,"orthographic":false}