{"cameraMode":{"drawMode":0,"name":"Shaded","section":"Shading Mode"},"sceneLighting":false,"audioPlay":false,"sceneViewState":{"showFog":true,"showMaterialUpdate":true,"showSkybox":false,"showFlares":true,"showImageEffects":true,"showParticleSystems":true},"in2DMode":false,"pivot":{"x":174.54624938964845,"y":243.7902069091797,"z":0.3580038547515869},"rotation":{"x":-0.6579548716545105,"y":-0.27738654613494875,"z":0.28550276160240176,"w":-0.6392602920532227},"size":12.886009216308594,"orthographic":false}