{"cameraMode":{"drawMode":0,"name":"Shaded","section":"Shading Mode"},"sceneLighting":false,"audioPlay":false,"sceneViewState":{"showFog":true,"showMaterialUpdate":true,"showSkybox":false,"showFlares":true,"showImageEffects":true,"showParticleSystems":true},"in2DMode":false,"pivot":{"x":-7.178247928619385,"y":-39.26523971557617,"z":20.267690658569337},"rotation":{"x":-0.6309769749641419,"y":-0.002250069286674261,"z":0.0018341649556532503,"w":-0.7758048176765442},"size":52.0111198425293,"orthographic":false}