{"cameraMode":{"drawMode":0,"name":"Shaded","section":"Shading Mode"},"sceneLighting":false,"audioPlay":false,"sceneViewState":{"showFog":true,"showMaterialUpdate":true,"showSkybox":false,"showFlares":true,"showImageEffects":true,"showParticleSystems":true},"in2DMode":false,"pivot":{"x":-0.17299926280975343,"y":0.503000020980835,"z":-1.061500072479248},"rotation":{"x":-0.23228371143341065,"y":-0.05531294643878937,"z":0.013230220414698124,"w":-0.9709988236427307},"size":8.321159362792969,"orthographic":false}